{
  "General": {
    "DeleteOnExit": {
      "Type": "ComboBox",
      "Options": ["true", "false", "prompt"],
      "Default": "prompt",
      "Description": "Delete the application on exit"
    },
    "DefaultAutoRefreshConfig": {
      "Type": "CheckBox",
      "Default": "false",
      "Description": "Auto Refresh Config is Checked by default"
    },
    "DefaultAutoRefreshApp": {
      "Type": "CheckBox",
      "Default": "true",
      "Description": "Auto Refresh App is Checked by default"
    }
 },
  "Advanced": {
    "MainLoopRefreshRate": {
      "Type": "IntegerTextBox",
      "Default": "50",
      "Description": "Main loop refresh rate in milliseconds"
    },
    "ConfigPanelUpdateCounter": {
      "Type": "IntegerTextBox",
      "Default": "150",
      "Description": "Check for Config Panel refresh trigger every X Count"
    },
    "InternetCheckUpdateCounter": {
      "Type": "IntegerTextBox",
      "Default": "100",
      "Description": "Check for internet connection every X Count"
    },
    "RefreshAppLoopCounter": {
      "Type": "IntegerTextBox",
      "Default": "150",
      "Description": "Check for App panel refresh trigger every X Count"
    },
    "MainUiTimerInterval": {
      "Type": "IntegerTextBox",
      "Default": "1000",
      "Description": "Main UI timer interval in milliseconds"
    },
    "MainFormLoadLoopCounter": {
      "Type": "IntegerTextBox",
      "Default": "500",
      "Description": "Number of loops allowed before timout during the main form's load"
    }
  },
    "Startup" : {
        "IntegrityCheckup" : {
            "Type" : "CheckBox",
            "Default" : "true",
            "Description" : "Enable file integrity check on startup"
        },
        "CheckForUpdates" : {
            "Type" : "CheckBox",
            "Default" : "true",
            "Description" : "Check for new FPCA updates on startup"
        }
  },
    "Appearance" : {
      "Theme" : {
        "Type" : "ComboBox",
        "Options" : ["Dark", "Light", "System"],
        "Default" : "Dark",
        "Description" : "The Application's theme"
      },
      "Language": {
      "Type": "ComboBox",
      "Options": ["EN", "FR"],
      "Default": "EN",
      "Description": "The Application's display language"
    }
  }
}